Frame,FilePath,FileName,Directory,DateTimeOriginal,FileModifyDate,DateTime,DateTimeModified,DateTimeAdjusted,Region,Site,Camera,NewName,max_detection_conf,max_detection_category,md_class,md_confidence,bbox1,bbox2,bbox3,bbox4
U:/Test Images/Peru/S90/SDZG 1/EK000001.JPG,U:/Test Images/Peru/S90/SDZG 1/EK000001.JPG,EK000001.JPG,U:/Test Images/Peru/S90/SDZG 1,2014:07:01 15:22:09,2014:07:01 13:22:08-07:00,2014-07-01 15:22:09,2014-07-01 13:22:08,2014-07-01 13:22:08,Test Images,Peru,S90,Test Images_Peru_20140701_152209_EK000001.JPG,0.99217426776886,1,1,0.99217426776886,0,0.191031351685524,0.0823469161987305,0.571365460753441
U:/Test Images/Peru/S90/SDZG 1/EK000002.JPG,U:/Test Images/Peru/S90/SDZG 1/EK000002.JPG,EK000002.JPG,U:/Test Images/Peru/S90/SDZG 1,2014:07:01 15:22:10,2014:07:01 13:22:10-07:00,2014-07-01 15:22:10,2014-07-01 13:22:10,2014-07-01 13:22:10,Test Images,Peru,S90,Test Images_Peru_20140701_152210_EK000002.JPG,0.803859949111938,1,1,0.803859949111938,0.0101227564737201,0.121432140469551,0.98987724352628,0.828743264079094
U:/Test Images/Peru/S90/SDZG 1/EK000002.JPG,U:/Test Images/Peru/S90/SDZG 1/EK000002.JPG,EK000002.JPG,U:/Test Images/Peru/S90/SDZG 1,2014:07:01 15:22:10,2014:07:01 13:22:10-07:00,2014-07-01 15:22:10,2014-07-01 13:22:10,2014-07-01 13:22:10,Test Images,Peru,S90,Test Images_Peru_20140701_152210_EK000002.JPG,0.803859949111938,1,2,0.347606122493744,0.0522824078798294,0.0669705718755722,0.947717592120171,0.89903350174427
U:/Test Images/Peru/S90/SDZG 1/EK000003.JPG,U:/Test Images/Peru/S90/SDZG 1/EK000003.JPG,EK000003.JPG,U:/Test Images/Peru/S90/SDZG 1,2014:07:01 15:22:10,2014:07:01 13:22:10-07:00,2014-07-01 15:22:10,2014-07-01 13:22:10,2014-07-01 13:22:10,Test Images,Peru,S90,Test Images_Peru_20140701_152210_EK000003.JPG,0.0539470240473747,1,0,NA,NA,NA,NA,NA
U:/Test Images/Peru/S90/SDZG 1/EK000004.JPG,U:/Test Images/Peru/S90/SDZG 1/EK000004.JPG,EK000004.JPG,U:/Test Images/Peru/S90/SDZG 1,2014:07:02 02:54:52,2014:07:02 00:54:52-07:00,2014-07-02 02:54:52,2014-07-02 00:54:52,2014-07-02 00:54:52,Test Images,Peru,S90,Test Images_Peru_20140702_025452_EK000004.JPG,0.999565303325653,1,1,0.999565303325653,0.840774834156036,0.314614176750183,0.156868398189545,0.238826096057892
U:/Test Images/Peru/S90/SDZG 1/EK000005.JPG,U:/Test Images/Peru/S90/SDZG 1/EK000005.JPG,EK000005.JPG,U:/Test Images/Peru/S90/SDZG 1,2014:07:02 02:54:53,2014:07:02 00:54:52-07:00,2014-07-02 02:54:53,2014-07-02 00:54:52,2014-07-02 00:54:52,Test Images,Peru,S90,Test Images_Peru_20140702_025453_EK000005.JPG,0.998214364051819,1,1,0.998214364051819,0.813015699386597,0.319279968738556,0.184404790401459,0.223992645740509
U:/Test Images/Peru/S90/SDZG 1/EK000006.JPG,U:/Test Images/Peru/S90/SDZG 1/EK000006.JPG,EK000006.JPG,U:/Test Images/Peru/S90/SDZG 1,2014:07:02 02:54:53,2014:07:02 00:54:54-07:00,2014-07-02 02:54:53,2014-07-02 00:54:54,2014-07-02 00:54:54,Test Images,Peru,S90,Test Images_Peru_20140702_025453_EK000006.JPG,0.998838603496552,1,1,0.998838603496552,0.786682665348053,0.308177173137665,0.211322426795959,0.237601757049561
U:/Test Images/Peru/S90/SDZG 1/EK000007.JPG,U:/Test Images/Peru/S90/SDZG 1/EK000007.JPG,EK000007.JPG,U:/Test Images/Peru/S90/SDZG 1,2014:07:02 11:44:51,2014:07:02 09:44:50-07:00,2014-07-02 11:44:51,2014-07-02 09:44:50,2014-07-02 09:44:50,Test Images,Peru,S90,Test Images_Peru_20140702_114451_EK000007.JPG,0.0355667769908905,1,0,NA,NA,NA,NA,NA
U:/Test Images/Peru/S90/SDZG 1/EK000008.JPG,U:/Test Images/Peru/S90/SDZG 1/EK000008.JPG,EK000008.JPG,U:/Test Images/Peru/S90/SDZG 1,2014:07:02 11:44:51,2014:07:02 09:44:50-07:00,2014-07-02 11:44:51,2014-07-02 09:44:50,2014-07-02 09:44:50,Test Images,Peru,S90,Test Images_Peru_20140702_114451_EK000008.JPG,0.0500707365572453,1,0,NA,NA,NA,NA,NA
U:/Test Images/Peru/S90/SDZG 1/EK000009.JPG,U:/Test Images/Peru/S90/SDZG 1/EK000009.JPG,EK000009.JPG,U:/Test Images/Peru/S90/SDZG 1,2014:07:02 11:44:52,2014:07:02 09:44:52-07:00,2014-07-02 11:44:52,2014-07-02 09:44:52,2014-07-02 09:44:52,Test Images,Peru,S90,Test Images_Peru_20140702_114452_EK000009.JPG,0.97371780872345,1,1,0.97371780872345,0.463812440633774,0.38214385509491,0.0519405901432037,0.0818919539451599
U:/Test Images/Peru/S90/SDZG 1/EK000009.JPG,U:/Test Images/Peru/S90/SDZG 1/EK000009.JPG,EK000009.JPG,U:/Test Images/Peru/S90/SDZG 1,2014:07:02 11:44:52,2014:07:02 09:44:52-07:00,2014-07-02 11:44:52,2014-07-02 09:44:52,2014-07-02 09:44:52,Test Images,Peru,S90,Test Images_Peru_20140702_114452_EK000009.JPG,0.97371780872345,1,1,0.250575721263885,0.464567482471466,0.391992807388306,0.0395920276641846,0.0605514049530029
U:/Test Images/Peru/S90/SDZG 1/EK000010.JPG,U:/Test Images/Peru/S90/SDZG 1/EK000010.JPG,EK000010.JPG,U:/Test Images/Peru/S90/SDZG 1,2014:07:02 12:06:46,2014:07:02 10:06:46-07:00,2014-07-02 12:06:46,2014-07-02 10:06:46,2014-07-02 10:06:46,Test Images,Peru,S90,Test Images_Peru_20140702_120646_EK000010.JPG,0.0144534399732947,1,0,NA,NA,NA,NA,NA
U:/Test Images/Peru/S90/SDZG 1/EK000011.JPG,U:/Test Images/Peru/S90/SDZG 1/EK000011.JPG,EK000011.JPG,U:/Test Images/Peru/S90/SDZG 1,2014:07:02 12:06:47,2014:07:02 10:06:46-07:00,2014-07-02 12:06:47,2014-07-02 10:06:46,2014-07-02 10:06:46,Test Images,Peru,S90,Test Images_Peru_20140702_120647_EK000011.JPG,0.0633126124739647,1,0,NA,NA,NA,NA,NA
U:/Test Images/Peru/S90/SDZG 1/EK000012.JPG,U:/Test Images/Peru/S90/SDZG 1/EK000012.JPG,EK000012.JPG,U:/Test Images/Peru/S90/SDZG 1,2014:07:02 12:06:47,2014:07:02 10:06:46-07:00,2014-07-02 12:06:47,2014-07-02 10:06:46,2014-07-02 10:06:46,Test Images,Peru,S90,Test Images_Peru_20140702_120647_EK000012.JPG,0.0613542124629021,1,0,NA,NA,NA,NA,NA
U:/Test Images/Peru/S90/SDZG 1/EK000013.JPG,U:/Test Images/Peru/S90/SDZG 1/EK000013.JPG,EK000013.JPG,U:/Test Images/Peru/S90/SDZG 1,2014:07:02 22:21:50,2014:07:02 20:21:50-07:00,2014-07-02 22:21:50,2014-07-02 20:21:50,2014-07-02 20:21:50,Test Images,Peru,S90,Test Images_Peru_20140702_222150_EK000013.JPG,0.9995037317276,1,1,0.9995037317276,0.703701078891754,0.594809353351593,0.295716404914856,0.30380243062973
U:/Test Images/Peru/S90/SDZG 1/EK000014.JPG,U:/Test Images/Peru/S90/SDZG 1/EK000014.JPG,EK000014.JPG,U:/Test Images/Peru/S90/SDZG 1,2014:07:02 22:21:50,2014:07:02 20:21:50-07:00,2014-07-02 22:21:50,2014-07-02 20:21:50,2014-07-02 20:21:50,Test Images,Peru,S90,Test Images_Peru_20140702_222150_EK000014.JPG,0.999326705932617,1,1,0.999326705932617,0.567090153694153,0.569053709506989,0.432552754878998,0.334786415100098
U:/Test Images/Peru/S90/SDZG 1/EK000015.JPG,U:/Test Images/Peru/S90/SDZG 1/EK000015.JPG,EK000015.JPG,U:/Test Images/Peru/S90/SDZG 1,2014:07:02 22:21:51,2014:07:02 20:21:50-07:00,2014-07-02 22:21:51,2014-07-02 20:21:50,2014-07-02 20:21:50,Test Images,Peru,S90,Test Images_Peru_20140702_222151_EK000015.JPG,0.999797999858856,1,1,0.999797999858856,0.45677238702774,0.553947925567627,0.54322761297226,0.36660772562027
U:/Test Images/Peru/S90/SDZG 1/EK000016.JPG,U:/Test Images/Peru/S90/SDZG 1/EK000016.JPG,EK000016.JPG,U:/Test Images/Peru/S90/SDZG 1,2014:07:03 15:58:41,2014:07:03 13:58:40-07:00,2014-07-03 15:58:41,2014-07-03 13:58:40,2014-07-03 13:58:40,Test Images,Peru,S90,Test Images_Peru_20140703_155841_EK000016.JPG,0.998985826969147,1,1,0.998985826969147,0.615151226520538,0.633470177650452,0.148640394210815,0.150977373123169
U:/Test Images/Peru/S90/SDZG 1/EK000016.JPG,U:/Test Images/Peru/S90/SDZG 1/EK000016.JPG,EK000016.JPG,U:/Test Images/Peru/S90/SDZG 1,2014:07:03 15:58:41,2014:07:03 13:58:40-07:00,2014-07-03 15:58:41,2014-07-03 13:58:40,2014-07-03 13:58:40,Test Images,Peru,S90,Test Images_Peru_20140703_155841_EK000016.JPG,0.998985826969147,1,1,0.118289440870285,0.418628007173538,0.843462347984314,0.104191035032272,0.114273905754089
U:/Test Images/Peru/S90/SDZG 1/EK000017.JPG,U:/Test Images/Peru/S90/SDZG 1/EK000017.JPG,EK000017.JPG,U:/Test Images/Peru/S90/SDZG 1,2014:07:03 15:58:42,2014:07:03 13:58:42-07:00,2014-07-03 15:58:42,2014-07-03 13:58:42,2014-07-03 13:58:42,Test Images,Peru,S90,Test Images_Peru_20140703_155842_EK000017.JPG,0.998762845993042,1,1,0.998762845993042,0.550703704357147,0.608966171741486,0.144302904605865,0.200805187225342
U:/Test Images/Peru/S90/SDZG 1/EK000017.JPG,U:/Test Images/Peru/S90/SDZG 1/EK000017.JPG,EK000017.JPG,U:/Test Images/Peru/S90/SDZG 1,2014:07:03 15:58:42,2014:07:03 13:58:42-07:00,2014-07-03 15:58:42,2014-07-03 13:58:42,2014-07-03 13:58:42,Test Images,Peru,S90,Test Images_Peru_20140703_155842_EK000017.JPG,0.998762845993042,1,1,0.252684116363525,0.410291880369186,0.84347939491272,0.113032907247543,0.113880038261414
U:/Test Images/Peru/S90/SDZG 1/EK000017.JPG,U:/Test Images/Peru/S90/SDZG 1/EK000017.JPG,EK000017.JPG,U:/Test Images/Peru/S90/SDZG 1,2014:07:03 15:58:42,2014:07:03 13:58:42-07:00,2014-07-03 15:58:42,2014-07-03 13:58:42,2014-07-03 13:58:42,Test Images,Peru,S90,Test Images_Peru_20140703_155842_EK000017.JPG,0.998762845993042,1,1,0.234625712037086,0.328912734985352,0.797736287117004,0.192381858825684,0.156562209129333
U:/Test Images/Peru/S90/SDZG 1/EK000018.JPG,U:/Test Images/Peru/S90/SDZG 1/EK000018.JPG,EK000018.JPG,U:/Test Images/Peru/S90/SDZG 1,2014:07:03 15:58:42,2014:07:03 13:58:42-07:00,2014-07-03 15:58:42,2014-07-03 13:58:42,2014-07-03 13:58:42,Test Images,Peru,S90,Test Images_Peru_20140703_155842_EK000018.JPG,0.999676823616028,1,1,0.999676823616028,0.490721791982651,0.577304184436798,0.132893294095993,0.169069111347198
U:/Test Images/Peru/S90/SDZG 1/EK000019.JPG,U:/Test Images/Peru/S90/SDZG 1/EK000019.JPG,EK000019.JPG,U:/Test Images/Peru/S90/SDZG 1,2014:07:03 22:24:18,2014:07:03 20:24:18-07:00,2014-07-03 22:24:18,2014-07-03 20:24:18,2014-07-03 20:24:18,Test Images,Peru,S90,Test Images_Peru_20140703_222418_EK000019.JPG,0.832105934619904,1,1,0.832105934619904,0.461541533470154,0.495389521121979,0.0461007952690125,0.0510560870170593
U:/Test Images/Peru/S90/SDZG 1/EK000019.JPG,U:/Test Images/Peru/S90/SDZG 1/EK000019.JPG,EK000019.JPG,U:/Test Images/Peru/S90/SDZG 1,2014:07:03 22:24:18,2014:07:03 20:24:18-07:00,2014-07-03 22:24:18,2014-07-03 20:24:18,2014-07-03 20:24:18,Test Images,Peru,S90,Test Images_Peru_20140703_222418_EK000019.JPG,0.832105934619904,1,1,0.57814222574234,0.397767186164856,0.492755740880966,0.105324625968933,0.0582220852375031
U:/Test Images/Peru/S90/SDZG 1/EK000019.JPG,U:/Test Images/Peru/S90/SDZG 1/EK000019.JPG,EK000019.JPG,U:/Test Images/Peru/S90/SDZG 1,2014:07:03 22:24:18,2014:07:03 20:24:18-07:00,2014-07-03 22:24:18,2014-07-03 20:24:18,2014-07-03 20:24:18,Test Images,Peru,S90,Test Images_Peru_20140703_222418_EK000019.JPG,0.832105934619904,1,1,0.548615694046021,0.444484829902649,0.491935223340988,0.0597248077392578,0.0579160749912262
U:/Test Images/Peru/S90/SDZG 1/EK000019.JPG,U:/Test Images/Peru/S90/SDZG 1/EK000019.JPG,EK000019.JPG,U:/Test Images/Peru/S90/SDZG 1,2014:07:03 22:24:18,2014:07:03 20:24:18-07:00,2014-07-03 22:24:18,2014-07-03 20:24:18,2014-07-03 20:24:18,Test Images,Peru,S90,Test Images_Peru_20140703_222418_EK000019.JPG,0.832105934619904,1,1,0.267689079046249,0.459272980690002,0.493230283260345,0.0609460473060608,0.0739686489105225
U:/Test Images/Peru/S90/SDZG 1/EK000019.JPG,U:/Test Images/Peru/S90/SDZG 1/EK000019.JPG,EK000019.JPG,U:/Test Images/Peru/S90/SDZG 1,2014:07:03 22:24:18,2014:07:03 20:24:18-07:00,2014-07-03 22:24:18,2014-07-03 20:24:18,2014-07-03 20:24:18,Test Images,Peru,S90,Test Images_Peru_20140703_222418_EK000019.JPG,0.832105934619904,1,1,0.142776146531105,0.46065965294838,0.496043920516968,0.0697894394397736,0.0995307564735413
U:/Test Images/Peru/S90/SDZG 1/EK000019.JPG,U:/Test Images/Peru/S90/SDZG 1/EK000019.JPG,EK000019.JPG,U:/Test Images/Peru/S90/SDZG 1,2014:07:03 22:24:18,2014:07:03 20:24:18-07:00,2014-07-03 22:24:18,2014-07-03 20:24:18,2014-07-03 20:24:18,Test Images,Peru,S90,Test Images_Peru_20140703_222418_EK000019.JPG,0.832105934619904,1,1,0.12731060385704,0.439351558685303,0.49325492978096,0.0709795355796814,0.0801410973072052
U:/Test Images/Peru/S90/SDZG 1/EK000020.JPG,U:/Test Images/Peru/S90/SDZG 1/EK000020.JPG,EK000020.JPG,U:/Test Images/Peru/S90/SDZG 1,2014:07:03 22:24:19,2014:07:03 20:24:18-07:00,2014-07-03 22:24:19,2014-07-03 20:24:18,2014-07-03 20:24:18,Test Images,Peru,S90,Test Images_Peru_20140703_222419_EK000020.JPG,0.872787177562714,1,1,0.872787177562714,0.462966293096542,0.496703714132309,0.0443361699581146,0.0491388738155365
U:/Test Images/Peru/S90/SDZG 1/EK000020.JPG,U:/Test Images/Peru/S90/SDZG 1/EK000020.JPG,EK000020.JPG,U:/Test Images/Peru/S90/SDZG 1,2014:07:03 22:24:19,2014:07:03 20:24:18-07:00,2014-07-03 22:24:19,2014-07-03 20:24:18,2014-07-03 20:24:18,Test Images,Peru,S90,Test Images_Peru_20140703_222419_EK000020.JPG,0.872787177562714,1,1,0.583535254001617,0.44195094704628,0.493088990449905,0.0644342005252838,0.0581517517566681
U:/Test Images/Peru/S90/SDZG 1/EK000020.JPG,U:/Test Images/Peru/S90/SDZG 1/EK000020.JPG,EK000020.JPG,U:/Test Images/Peru/S90/SDZG 1,2014:07:03 22:24:19,2014:07:03 20:24:18-07:00,2014-07-03 22:24:19,2014-07-03 20:24:18,2014-07-03 20:24:18,Test Images,Peru,S90,Test Images_Peru_20140703_222419_EK000020.JPG,0.872787177562714,1,1,0.221443831920624,0.392822206020355,0.495342373847961,0.118417501449585,0.056557297706604
U:/Test Images/Peru/S90/SDZG 1/EK000020.JPG,U:/Test Images/Peru/S90/SDZG 1/EK000020.JPG,EK000020.JPG,U:/Test Images/Peru/S90/SDZG 1,2014:07:03 22:24:19,2014:07:03 20:24:18-07:00,2014-07-03 22:24:19,2014-07-03 20:24:18,2014-07-03 20:24:18,Test Images,Peru,S90,Test Images_Peru_20140703_222419_EK000020.JPG,0.872787177562714,1,1,0.177074179053307,0.458855420351028,0.492441922426224,0.0606526434421539,0.0688675940036774
U:/Test Images/Peru/S90/SDZG 1/EK000021.JPG,U:/Test Images/Peru/S90/SDZG 1/EK000021.JPG,EK000021.JPG,U:/Test Images/Peru/S90/SDZG 1,2014:07:03 22:24:19,2014:07:03 20:24:18-07:00,2014-07-03 22:24:19,2014-07-03 20:24:18,2014-07-03 20:24:18,Test Images,Peru,S90,Test Images_Peru_20140703_222419_EK000021.JPG,0.917788684368134,1,1,0.917788684368134,0.462399750947952,0.496661990880966,0.0442816317081451,0.0486940443515778
U:/Test Images/Peru/S90/SDZG 1/EK000021.JPG,U:/Test Images/Peru/S90/SDZG 1/EK000021.JPG,EK000021.JPG,U:/Test Images/Peru/S90/SDZG 1,2014:07:03 22:24:19,2014:07:03 20:24:18-07:00,2014-07-03 22:24:19,2014-07-03 20:24:18,2014-07-03 20:24:18,Test Images,Peru,S90,Test Images_Peru_20140703_222419_EK000021.JPG,0.917788684368134,1,1,0.58515453338623,0.440731465816498,0.49188244342804,0.0647231340408325,0.0578587651252747
U:/Test Images/Peru/S90/SDZG 1/EK000021.JPG,U:/Test Images/Peru/S90/SDZG 1/EK000021.JPG,EK000021.JPG,U:/Test Images/Peru/S90/SDZG 1,2014:07:03 22:24:19,2014:07:03 20:24:18-07:00,2014-07-03 22:24:19,2014-07-03 20:24:18,2014-07-03 20:24:18,Test Images,Peru,S90,Test Images_Peru_20140703_222419_EK000021.JPG,0.917788684368134,1,1,0.214059457182884,0.457376390695572,0.493322461843491,0.0577556788921356,0.076379269361496
U:/Test Images/Peru/S90/SDZG 1/EK000021.JPG,U:/Test Images/Peru/S90/SDZG 1/EK000021.JPG,EK000021.JPG,U:/Test Images/Peru/S90/SDZG 1,2014:07:03 22:24:19,2014:07:03 20:24:18-07:00,2014-07-03 22:24:19,2014-07-03 20:24:18,2014-07-03 20:24:18,Test Images,Peru,S90,Test Images_Peru_20140703_222419_EK000021.JPG,0.917788684368134,1,1,0.164625018835068,0.398562073707581,0.496009290218353,0.11140638589859,0.054718017578125
U:/Test Images/Peru/S90/SDZG 1/EK000022.JPG,U:/Test Images/Peru/S90/SDZG 1/EK000022.JPG,EK000022.JPG,U:/Test Images/Peru/S90/SDZG 1,2014:07:04 07:49:13,2014:07:04 05:49:12-07:00,2014-07-04 07:49:13,2014-07-04 05:49:12,2014-07-04 05:49:12,Test Images,Peru,S90,Test Images_Peru_20140704_074913_EK000022.JPG,0.954202711582184,1,1,0.954202711582184,0.451791077852249,0.401400506496429,0.097210556268692,0.0597305297851562
U:/Test Images/Peru/S90/SDZG 1/EK000023.JPG,U:/Test Images/Peru/S90/SDZG 1/EK000023.JPG,EK000023.JPG,U:/Test Images/Peru/S90/SDZG 1,2014:07:04 07:49:13,2014:07:04 05:49:14-07:00,2014-07-04 07:49:13,2014-07-04 05:49:14,2014-07-04 05:49:14,Test Images,Peru,S90,Test Images_Peru_20140704_074913_EK000023.JPG,0.915851891040802,1,1,0.915851891040802,0.456031054258347,0.399203151464462,0.0936430394649506,0.0649511814117432
U:/Test Images/Peru/S90/SDZG 1/EK000024.JPG,U:/Test Images/Peru/S90/SDZG 1/EK000024.JPG,EK000024.JPG,U:/Test Images/Peru/S90/SDZG 1,2014:07:04 07:49:14,2014:07:04 05:49:14-07:00,2014-07-04 07:49:14,2014-07-04 05:49:14,2014-07-04 05:49:14,Test Images,Peru,S90,Test Images_Peru_20140704_074914_EK000024.JPG,0.973179519176483,1,1,0.973179519176483,0.459802091121674,0.398870974779129,0.0902979373931885,0.0633602738380432
U:/Test Images/Peru/S90/SDZG 1/EK000024.JPG,U:/Test Images/Peru/S90/SDZG 1/EK000024.JPG,EK000024.JPG,U:/Test Images/Peru/S90/SDZG 1,2014:07:04 07:49:14,2014:07:04 05:49:14-07:00,2014-07-04 07:49:14,2014-07-04 05:49:14,2014-07-04 05:49:14,Test Images,Peru,S90,Test Images_Peru_20140704_074914_EK000024.JPG,0.973179519176483,1,1,0.172602146863937,0.42694166302681,0.394519716501236,0.12830725312233,0.0786875486373901
U:/Test Images/Peru/S90/SDZG 1/EK000024.JPG,U:/Test Images/Peru/S90/SDZG 1/EK000024.JPG,EK000024.JPG,U:/Test Images/Peru/S90/SDZG 1,2014:07:04 07:49:14,2014:07:04 05:49:14-07:00,2014-07-04 07:49:14,2014-07-04 05:49:14,2014-07-04 05:49:14,Test Images,Peru,S90,Test Images_Peru_20140704_074914_EK000024.JPG,0.973179519176483,1,1,0.10647501796484,0.380632936954498,0.841147124767303,0.165084958076477,0.119206488132477
U:/Test Images/Peru/S90/SDZG 1/EK000025.JPG,U:/Test Images/Peru/S90/SDZG 1/EK000025.JPG,EK000025.JPG,U:/Test Images/Peru/S90/SDZG 1,2014:07:04 09:24:59,2014:07:04 07:24:58-07:00,2014-07-04 09:24:59,2014-07-04 07:24:58,2014-07-04 07:24:58,Test Images,Peru,S90,Test Images_Peru_20140704_092459_EK000025.JPG,0.978010356426239,1,1,0.978010356426239,0.439394026994705,0.407954156398773,0.10859540104866,0.0493579208850861
U:/Test Images/Peru/S90/SDZG 1/EK000025.JPG,U:/Test Images/Peru/S90/SDZG 1/EK000025.JPG,EK000025.JPG,U:/Test Images/Peru/S90/SDZG 1,2014:07:04 09:24:59,2014:07:04 07:24:58-07:00,2014-07-04 09:24:59,2014-07-04 07:24:58,2014-07-04 07:24:58,Test Images,Peru,S90,Test Images_Peru_20140704_092459_EK000025.JPG,0.978010356426239,1,1,0.794314384460449,0.348701804876328,0.813137531280518,0.195166260004044,0.145789384841919
U:/Test Images/Peru/S90/SDZG 1/EK000025.JPG,U:/Test Images/Peru/S90/SDZG 1/EK000025.JPG,EK000025.JPG,U:/Test Images/Peru/S90/SDZG 1,2014:07:04 09:24:59,2014:07:04 07:24:58-07:00,2014-07-04 09:24:59,2014-07-04 07:24:58,2014-07-04 07:24:58,Test Images,Peru,S90,Test Images_Peru_20140704_092459_EK000025.JPG,0.978010356426239,1,1,0.190581753849983,0.408928900957108,0.844078183174133,0.136108905076981,0.11369913816452
U:/Test Images/Peru/S90/SDZG 1/EK000026.JPG,U:/Test Images/Peru/S90/SDZG 1/EK000026.JPG,EK000026.JPG,U:/Test Images/Peru/S90/SDZG 1,2014:07:04 09:24:59,2014:07:04 07:24:58-07:00,2014-07-04 09:24:59,2014-07-04 07:24:58,2014-07-04 07:24:58,Test Images,Peru,S90,Test Images_Peru_20140704_092459_EK000026.JPG,0.960135400295258,1,1,0.960135400295258,0.438880026340485,0.407256573438644,0.10882556438446,0.0512610971927643
U:/Test Images/Peru/S90/SDZG 1/EK000026.JPG,U:/Test Images/Peru/S90/SDZG 1/EK000026.JPG,EK000026.JPG,U:/Test Images/Peru/S90/SDZG 1,2014:07:04 09:24:59,2014:07:04 07:24:58-07:00,2014-07-04 09:24:59,2014-07-04 07:24:58,2014-07-04 07:24:58,Test Images,Peru,S90,Test Images_Peru_20140704_092459_EK000026.JPG,0.960135400295258,1,1,0.232296407222748,0.47453436255455,0.406761944293976,0.0707586109638214,0.0471816956996918
U:/Test Images/Peru/S90/SDZG 1/EK000027.JPG,U:/Test Images/Peru/S90/SDZG 1/EK000027.JPG,EK000027.JPG,U:/Test Images/Peru/S90/SDZG 1,2014:07:04 09:25:00,2014:07:04 07:25:00-07:00,2014-07-04 09:25:00,2014-07-04 07:25:00,2014-07-04 07:25:00,Test Images,Peru,S90,Test Images_Peru_20140704_092500_EK000027.JPG,0.978000521659851,1,1,0.978000521659851,0.438815325498581,0.406952679157257,0.110066920518875,0.0531074106693268
U:/Test Images/Peru/S90/SDZG 1/EK000027.JPG,U:/Test Images/Peru/S90/SDZG 1/EK000027.JPG,EK000027.JPG,U:/Test Images/Peru/S90/SDZG 1,2014:07:04 09:25:00,2014:07:04 07:25:00-07:00,2014-07-04 09:25:00,2014-07-04 07:25:00,2014-07-04 07:25:00,Test Images,Peru,S90,Test Images_Peru_20140704_092500_EK000027.JPG,0.978000521659851,1,1,0.765109300613403,0.344759404659271,0.799184679985046,0.195862472057343,0.15698629617691
U:/Test Images/Peru/S90/SDZG 1/EK000027.JPG,U:/Test Images/Peru/S90/SDZG 1/EK000027.JPG,EK000027.JPG,U:/Test Images/Peru/S90/SDZG 1,2014:07:04 09:25:00,2014:07:04 07:25:00-07:00,2014-07-04 09:25:00,2014-07-04 07:25:00,2014-07-04 07:25:00,Test Images,Peru,S90,Test Images_Peru_20140704_092500_EK000027.JPG,0.978000521659851,1,1,0.264333426952362,0.413623988628387,0.843882381916046,0.132325291633606,0.114345908164978
U:/Test Images/Peru/S90/SDZG 1/EK000027.JPG,U:/Test Images/Peru/S90/SDZG 1/EK000027.JPG,EK000027.JPG,U:/Test Images/Peru/S90/SDZG 1,2014:07:04 09:25:00,2014:07:04 07:25:00-07:00,2014-07-04 09:25:00,2014-07-04 07:25:00,2014-07-04 07:25:00,Test Images,Peru,S90,Test Images_Peru_20140704_092500_EK000027.JPG,0.978000521659851,1,1,0.120546489953995,0.465397238731384,0.404473483562469,0.0813722610473633,0.0466468334197998
U:/Test Images/Peru/S90/SDZG 1/EK000028.JPG,U:/Test Images/Peru/S90/SDZG 1/EK000028.JPG,EK000028.JPG,U:/Test Images/Peru/S90/SDZG 1,2014:07:04 15:03:04,2014:07:04 13:03:04-07:00,2014-07-04 15:03:04,2014-07-04 13:03:04,2014-07-04 13:03:04,Test Images,Peru,S90,Test Images_Peru_20140704_150304_EK000028.JPG,0.788738965988159,1,1,0.788738965988159,0.347122341394424,0.800701498985291,0.182823151350021,0.155693590641022
U:/Test Images/Peru/S90/SDZG 1/EK000028.JPG,U:/Test Images/Peru/S90/SDZG 1/EK000028.JPG,EK000028.JPG,U:/Test Images/Peru/S90/SDZG 1,2014:07:04 15:03:04,2014:07:04 13:03:04-07:00,2014-07-04 15:03:04,2014-07-04 13:03:04,2014-07-04 13:03:04,Test Images,Peru,S90,Test Images_Peru_20140704_150304_EK000028.JPG,0.788738965988159,1,1,0.389266401529312,0.419272869825363,0.828640282154083,0.115679770708084,0.12886655330658
U:/Test Images/Peru/S90/SDZG 1/EK000028.JPG,U:/Test Images/Peru/S90/SDZG 1/EK000028.JPG,EK000028.JPG,U:/Test Images/Peru/S90/SDZG 1,2014:07:04 15:03:04,2014:07:04 13:03:04-07:00,2014-07-04 15:03:04,2014-07-04 13:03:04,2014-07-04 13:03:04,Test Images,Peru,S90,Test Images_Peru_20140704_150304_EK000028.JPG,0.788738965988159,1,1,0.227796614170074,0.28549513220787,0.730521380901337,0.249226242303848,0.217510879039764
U:/Test Images/Peru/S90/SDZG 1/EK000028.JPG,U:/Test Images/Peru/S90/SDZG 1/EK000028.JPG,EK000028.JPG,U:/Test Images/Peru/S90/SDZG 1,2014:07:04 15:03:04,2014:07:04 13:03:04-07:00,2014-07-04 15:03:04,2014-07-04 13:03:04,2014-07-04 13:03:04,Test Images,Peru,S90,Test Images_Peru_20140704_150304_EK000028.JPG,0.788738965988159,1,1,0.186897113919258,0.263377636671066,0.51299911737442,0.0474071204662323,0.033169150352478
U:/Test Images/Peru/S90/SDZG 1/EK000029.JPG,U:/Test Images/Peru/S90/SDZG 1/EK000029.JPG,EK000029.JPG,U:/Test Images/Peru/S90/SDZG 1,2014:07:04 15:03:05,2014:07:04 13:03:04-07:00,2014-07-04 15:03:05,2014-07-04 13:03:04,2014-07-04 13:03:04,Test Images,Peru,S90,Test Images_Peru_20140704_150305_EK000029.JPG,0.674364268779755,1,1,0.674364268779755,0.348707586526871,0.799268245697021,0.181191295385361,0.153649032115936
U:/Test Images/Peru/S90/SDZG 1/EK000029.JPG,U:/Test Images/Peru/S90/SDZG 1/EK000029.JPG,EK000029.JPG,U:/Test Images/Peru/S90/SDZG 1,2014:07:04 15:03:05,2014:07:04 13:03:04-07:00,2014-07-04 15:03:05,2014-07-04 13:03:04,2014-07-04 13:03:04,Test Images,Peru,S90,Test Images_Peru_20140704_150305_EK000029.JPG,0.674364268779755,1,1,0.222023457288742,0.260195851325989,0.709912538528442,0.270041286945343,0.239373862743378
U:/Test Images/Peru/S90/SDZG 1/EK000029.JPG,U:/Test Images/Peru/S90/SDZG 1/EK000029.JPG,EK000029.JPG,U:/Test Images/Peru/S90/SDZG 1,2014:07:04 15:03:05,2014:07:04 13:03:04-07:00,2014-07-04 15:03:05,2014-07-04 13:03:04,2014-07-04 13:03:04,Test Images,Peru,S90,Test Images_Peru_20140704_150305_EK000029.JPG,0.674364268779755,1,1,0.170622810721397,0.260878622531891,0.508618533611298,0.0409243404865265,0.0384769439697266
U:/Test Images/Peru/S90/SDZG 1/EK000029.JPG,U:/Test Images/Peru/S90/SDZG 1/EK000029.JPG,EK000029.JPG,U:/Test Images/Peru/S90/SDZG 1,2014:07:04 15:03:05,2014:07:04 13:03:04-07:00,2014-07-04 15:03:05,2014-07-04 13:03:04,2014-07-04 13:03:04,Test Images,Peru,S90,Test Images_Peru_20140704_150305_EK000029.JPG,0.674364268779755,1,1,0.14592170715332,0.421016067266464,0.82487553358078,0.111988514661789,0.132157802581787
U:/Test Images/Peru/S90/SDZG 1/EK000030.JPG,U:/Test Images/Peru/S90/SDZG 1/EK000030.JPG,EK000030.JPG,U:/Test Images/Peru/S90/SDZG 1,2014:07:04 15:03:05,2014:07:04 13:03:04-07:00,2014-07-04 15:03:05,2014-07-04 13:03:04,2014-07-04 13:03:04,Test Images,Peru,S90,Test Images_Peru_20140704_150305_EK000030.JPG,0.83888703584671,1,1,0.83888703584671,0.351509660482407,0.81924307346344,0.181489020586014,0.137842833995819
U:/Test Images/Peru/S90/SDZG 1/EK000030.JPG,U:/Test Images/Peru/S90/SDZG 1/EK000030.JPG,EK000030.JPG,U:/Test Images/Peru/S90/SDZG 1,2014:07:04 15:03:05,2014:07:04 13:03:04-07:00,2014-07-04 15:03:05,2014-07-04 13:03:04,2014-07-04 13:03:04,Test Images,Peru,S90,Test Images_Peru_20140704_150305_EK000030.JPG,0.83888703584671,1,1,0.562618851661682,0.423088282346725,0.827606856822968,0.112143844366074,0.132083714008331
U:/Test Images/Peru/S90/SDZG 1/EK000030.JPG,U:/Test Images/Peru/S90/SDZG 1/EK000030.JPG,EK000030.JPG,U:/Test Images/Peru/S90/SDZG 1,2014:07:04 15:03:05,2014:07:04 13:03:04-07:00,2014-07-04 15:03:05,2014-07-04 13:03:04,2014-07-04 13:03:04,Test Images,Peru,S90,Test Images_Peru_20140704_150305_EK000030.JPG,0.83888703584671,1,1,0.103502497076988,0.273616880178452,0.723035573959351,0.266594260931015,0.225401163101196
U:/Test Images/Peru/S90/SDZG 1/EK000031.JPG,U:/Test Images/Peru/S90/SDZG 1/EK000031.JPG,EK000031.JPG,U:/Test Images/Peru/S90/SDZG 1,2014:07:05 00:44:38,2014:07:04 22:44:38-07:00,2014-07-05 00:44:38,2014-07-04 22:44:38,2014-07-04 22:44:38,Test Images,Peru,S90,Test Images_Peru_20140705_004438_EK000031.JPG,0.0609172806143761,1,0,NA,NA,NA,NA,NA
U:/Test Images/Peru/S90/SDZG 1/EK000032.JPG,U:/Test Images/Peru/S90/SDZG 1/EK000032.JPG,EK000032.JPG,U:/Test Images/Peru/S90/SDZG 1,2014:07:05 00:44:38,2014:07:04 22:44:38-07:00,2014-07-05 00:44:38,2014-07-04 22:44:38,2014-07-04 22:44:38,Test Images,Peru,S90,Test Images_Peru_20140705_004438_EK000032.JPG,0.0722842514514923,1,0,NA,NA,NA,NA,NA
U:/Test Images/Peru/S90/SDZG 1/EK000033.JPG,U:/Test Images/Peru/S90/SDZG 1/EK000033.JPG,EK000033.JPG,U:/Test Images/Peru/S90/SDZG 1,2014:07:05 00:44:39,2014:07:04 22:44:38-07:00,2014-07-05 00:44:39,2014-07-04 22:44:38,2014-07-04 22:44:38,Test Images,Peru,S90,Test Images_Peru_20140705_004439_EK000033.JPG,0.0322277136147022,1,0,NA,NA,NA,NA,NA
U:/Test Images/Peru/S90/SDZG 1/EK000034.JPG,U:/Test Images/Peru/S90/SDZG 1/EK000034.JPG,EK000034.JPG,U:/Test Images/Peru/S90/SDZG 1,2014:07:05 12:41:41,2014:07:05 10:41:40-07:00,2014-07-05 12:41:41,2014-07-05 10:41:40,2014-07-05 10:41:40,Test Images,Peru,S90,Test Images_Peru_20140705_124141_EK000034.JPG,0.0382055155932903,1,0,NA,NA,NA,NA,NA
U:/Test Images/Peru/S90/SDZG 1/EK000035.JPG,U:/Test Images/Peru/S90/SDZG 1/EK000035.JPG,EK000035.JPG,U:/Test Images/Peru/S90/SDZG 1,2014:07:05 12:41:42,2014:07:05 10:41:42-07:00,2014-07-05 12:41:42,2014-07-05 10:41:42,2014-07-05 10:41:42,Test Images,Peru,S90,Test Images_Peru_20140705_124142_EK000035.JPG,0.100601382553577,1,1,0.100601382553577,0.430532783269882,0.822711646556854,0.105166226625443,0.126143634319305
U:/Test Images/Peru/S90/SDZG 1/EK000036.JPG,U:/Test Images/Peru/S90/SDZG 1/EK000036.JPG,EK000036.JPG,U:/Test Images/Peru/S90/SDZG 1,2014:07:05 12:41:42,2014:07:05 10:41:42-07:00,2014-07-05 12:41:42,2014-07-05 10:41:42,2014-07-05 10:41:42,Test Images,Peru,S90,Test Images_Peru_20140705_124142_EK000036.JPG,0.120751485228539,1,1,0.120751485228539,0.432354420423508,0.82147616147995,0.102574914693832,0.0950927734375
U:/Test Images/Peru/S90/SDZG 1/EK000037.JPG,U:/Test Images/Peru/S90/SDZG 1/EK000037.JPG,EK000037.JPG,U:/Test Images/Peru/S90/SDZG 1,2014:07:06 00:25:33,2014:07:05 22:25:32-07:00,2014-07-06 00:25:33,2014-07-05 22:25:32,2014-07-05 22:25:32,Test Images,Peru,S90,Test Images_Peru_20140706_002533_EK000037.JPG,0.999826371669769,1,1,0.999826371669769,0.17217181622982,0.0297726709395647,0.295343741774559,0.561352936550975
U:/Test Images/Peru/S90/SDZG 1/EK000038.JPG,U:/Test Images/Peru/S90/SDZG 1/EK000038.JPG,EK000038.JPG,U:/Test Images/Peru/S90/SDZG 1,2014:07:06 00:25:33,2014:07:05 22:25:32-07:00,2014-07-06 00:25:33,2014-07-05 22:25:32,2014-07-05 22:25:32,Test Images,Peru,S90,Test Images_Peru_20140706_002533_EK000038.JPG,0.9997518658638,1,1,0.9997518658638,0.170997574925423,0.011515935882926,0.263991877436638,0.564416924491525
U:/Test Images/Peru/S90/SDZG 1/EK000039.JPG,U:/Test Images/Peru/S90/SDZG 1/EK000039.JPG,EK000039.JPG,U:/Test Images/Peru/S90/SDZG 1,2014:07:06 00:25:34,2014:07:05 22:25:34-07:00,2014-07-06 00:25:34,2014-07-05 22:25:34,2014-07-05 22:25:34,Test Images,Peru,S90,Test Images_Peru_20140706_002534_EK000039.JPG,0.999562799930573,1,1,0.999562799930573,0.177994042634964,0.00347852078266442,0.22908216714859,0.635707682697102
U:/Test Images/Peru/S90/SDZG 1/EK000040.JPG,U:/Test Images/Peru/S90/SDZG 1/EK000040.JPG,EK000040.JPG,U:/Test Images/Peru/S90/SDZG 1,2014:07:06 07:11:30,2014:07:06 05:11:30-07:00,2014-07-06 07:11:30,2014-07-06 05:11:30,2014-07-06 05:11:30,Test Images,Peru,S90,Test Images_Peru_20140706_071130_EK000040.JPG,0.198485985398293,1,1,0.198485985398293,0.0853558555245399,0.484590768814087,0.0327428430318832,0.0581622123718262
U:/Test Images/Peru/S90/SDZG 1/EK000041.JPG,U:/Test Images/Peru/S90/SDZG 1/EK000041.JPG,EK000041.JPG,U:/Test Images/Peru/S90/SDZG 1,2014:07:06 07:11:30,2014:07:06 05:11:30-07:00,2014-07-06 07:11:30,2014-07-06 05:11:30,2014-07-06 05:11:30,Test Images,Peru,S90,Test Images_Peru_20140706_071130_EK000041.JPG,0.0698346346616745,1,0,NA,NA,NA,NA,NA
U:/Test Images/Peru/S90/SDZG 1/EK000042.JPG,U:/Test Images/Peru/S90/SDZG 1/EK000042.JPG,EK000042.JPG,U:/Test Images/Peru/S90/SDZG 1,2014:07:06 07:11:31,2014:07:06 05:11:30-07:00,2014-07-06 07:11:31,2014-07-06 05:11:30,2014-07-06 05:11:30,Test Images,Peru,S90,Test Images_Peru_20140706_071131_EK000042.JPG,0.0690119341015816,1,0,NA,NA,NA,NA,NA
U:/Test Images/Peru/S90/SDZG 1/EK000043.JPG,U:/Test Images/Peru/S90/SDZG 1/EK000043.JPG,EK000043.JPG,U:/Test Images/Peru/S90/SDZG 1,2014:07:06 16:51:04,2014:07:06 14:51:04-07:00,2014-07-06 16:51:04,2014-07-06 14:51:04,2014-07-06 14:51:04,Test Images,Peru,S90,Test Images_Peru_20140706_165104_EK000043.JPG,0.0309186056256294,1,0,NA,NA,NA,NA,NA
U:/Test Images/Peru/S90/SDZG 1/EK000044.JPG,U:/Test Images/Peru/S90/SDZG 1/EK000044.JPG,EK000044.JPG,U:/Test Images/Peru/S90/SDZG 1,2014:07:06 16:51:05,2014:07:06 14:51:04-07:00,2014-07-06 16:51:05,2014-07-06 14:51:04,2014-07-06 14:51:04,Test Images,Peru,S90,Test Images_Peru_20140706_165105_EK000044.JPG,0.236595526337624,1,1,0.236595526337624,0.429696917533875,0.486731171607971,0.0705263614654541,0.0474997162818909
U:/Test Images/Peru/S90/SDZG 1/EK000045.JPG,U:/Test Images/Peru/S90/SDZG 1/EK000045.JPG,EK000045.JPG,U:/Test Images/Peru/S90/SDZG 1,2014:07:06 16:51:05,2014:07:06 14:51:04-07:00,2014-07-06 16:51:05,2014-07-06 14:51:04,2014-07-06 14:51:04,Test Images,Peru,S90,Test Images_Peru_20140706_165105_EK000045.JPG,0.0393660813570023,1,0,NA,NA,NA,NA,NA
U:/Test Images/Peru/S90/SDZG 1/EK000046.JPG,U:/Test Images/Peru/S90/SDZG 1/EK000046.JPG,EK000046.JPG,U:/Test Images/Peru/S90/SDZG 1,2014:07:06 17:26:42,2014:07:06 15:26:42-07:00,2014-07-06 17:26:42,2014-07-06 15:26:42,2014-07-06 15:26:42,Test Images,Peru,S90,Test Images_Peru_20140706_172642_EK000046.JPG,0.99989926815033,1,1,0.99989926815033,0.0392906554043293,0.166901469230652,0.659595262259245,0.426038861274719
U:/Test Images/Peru/S90/SDZG 1/EK000047.JPG,U:/Test Images/Peru/S90/SDZG 1/EK000047.JPG,EK000047.JPG,U:/Test Images/Peru/S90/SDZG 1,2014:07:06 17:26:43,2014:07:06 15:26:42-07:00,2014-07-06 17:26:43,2014-07-06 15:26:42,2014-07-06 15:26:42,Test Images,Peru,S90,Test Images_Peru_20140706_172643_EK000047.JPG,0.999918103218079,1,1,0.999918103218079,0.151150465011597,0.192810893058777,0.6895831823349,0.411881268024445
U:/Test Images/Peru/S90/SDZG 1/EK000048.JPG,U:/Test Images/Peru/S90/SDZG 1/EK000048.JPG,EK000048.JPG,U:/Test Images/Peru/S90/SDZG 1,2014:07:06 17:26:43,2014:07:06 15:26:42-07:00,2014-07-06 17:26:43,2014-07-06 15:26:42,2014-07-06 15:26:42,Test Images,Peru,S90,Test Images_Peru_20140706_172643_EK000048.JPG,0.999942541122437,1,1,0.999942541122437,0.315019518136978,0.209469690918922,0.672835856676102,0.39379720389843
U:/Test Images/Peru/S90/SDZG 1/EK000049.JPG,U:/Test Images/Peru/S90/SDZG 1/EK000049.JPG,EK000049.JPG,U:/Test Images/Peru/S90/SDZG 1,2014:07:07 20:14:03,2014:07:07 18:14:02-07:00,2014-07-07 20:14:03,2014-07-07 18:14:02,2014-07-07 18:14:02,Test Images,Peru,S90,Test Images_Peru_20140707_201403_EK000049.JPG,0.999294638633728,1,1,0.999294638633728,0.883861005306244,0.49822872877121,0.0825369358062744,0.111588835716248
U:/Test Images/Peru/S90/SDZG 1/EK000050.JPG,U:/Test Images/Peru/S90/SDZG 1/EK000050.JPG,EK000050.JPG,U:/Test Images/Peru/S90/SDZG 1,2014:07:07 20:14:03,2014:07:07 18:14:02-07:00,2014-07-07 20:14:03,2014-07-07 18:14:02,2014-07-07 18:14:02,Test Images,Peru,S90,Test Images_Peru_20140707_201403_EK000050.JPG,0.997629344463348,1,1,0.997629344463348,0.647892892360687,0.454662382602692,0.158361196517944,0.150191128253937
U:/Test Images/Peru/S90/SDZG 1/EK000051.JPG,U:/Test Images/Peru/S90/SDZG 1/EK000051.JPG,EK000051.JPG,U:/Test Images/Peru/S90/SDZG 1,2014:07:07 20:14:04,2014:07:07 18:14:04-07:00,2014-07-07 20:14:04,2014-07-07 18:14:04,2014-07-07 18:14:04,Test Images,Peru,S90,Test Images_Peru_20140707_201404_EK000051.JPG,0.993495941162109,1,1,0.993495941162109,0.469744861125946,0.461532920598984,0.165871322154999,0.124643236398697
U:/Test Images/Peru/S90/SDZG 1/EK000052.JPG,U:/Test Images/Peru/S90/SDZG 1/EK000052.JPG,EK000052.JPG,U:/Test Images/Peru/S90/SDZG 1,2014:07:08 03:15:04,2014:07:08 01:15:04-07:00,2014-07-08 03:15:04,2014-07-08 01:15:04,2014-07-08 01:15:04,Test Images,Peru,S90,Test Images_Peru_20140708_031504_EK000052.JPG,0.967577219009399,1,1,0.967577219009399,0,0.650669813156128,0.072593092918396,0.119003891944885
U:/Test Images/Peru/S90/SDZG 1/EK000052.JPG,U:/Test Images/Peru/S90/SDZG 1/EK000052.JPG,EK000052.JPG,U:/Test Images/Peru/S90/SDZG 1,2014:07:08 03:15:04,2014:07:08 01:15:04-07:00,2014-07-08 03:15:04,2014-07-08 01:15:04,2014-07-08 01:15:04,Test Images,Peru,S90,Test Images_Peru_20140708_031504_EK000052.JPG,0.967577219009399,1,1,0.240353792905807,0.00116761680692434,0.65194308757782,0.119712353684008,0.134567856788635
U:/Test Images/Peru/S90/SDZG 1/EK000053.JPG,U:/Test Images/Peru/S90/SDZG 1/EK000053.JPG,EK000053.JPG,U:/Test Images/Peru/S90/SDZG 1,2014:07:08 03:15:05,2014:07:08 01:15:04-07:00,2014-07-08 03:15:05,2014-07-08 01:15:04,2014-07-08 01:15:04,Test Images,Peru,S90,Test Images_Peru_20140708_031505_EK000053.JPG,0.924746751785278,1,1,0.924746751785278,0.00119770283345133,0.624692380428314,0.0316483381902799,0.115588068962097
U:/Test Images/Peru/S90/SDZG 1/EK000053.JPG,U:/Test Images/Peru/S90/SDZG 1/EK000053.JPG,EK000053.JPG,U:/Test Images/Peru/S90/SDZG 1,2014:07:08 03:15:05,2014:07:08 01:15:04-07:00,2014-07-08 03:15:05,2014-07-08 01:15:04,2014-07-08 01:15:04,Test Images,Peru,S90,Test Images_Peru_20140708_031505_EK000053.JPG,0.924746751785278,1,1,0.765023767948151,0.000455222121672705,0.626161575317383,0.054345943935914,0.137363910675049
U:/Test Images/Peru/S90/SDZG 1/EK000053.JPG,U:/Test Images/Peru/S90/SDZG 1/EK000053.JPG,EK000053.JPG,U:/Test Images/Peru/S90/SDZG 1,2014:07:08 03:15:05,2014:07:08 01:15:04-07:00,2014-07-08 03:15:05,2014-07-08 01:15:04,2014-07-08 01:15:04,Test Images,Peru,S90,Test Images_Peru_20140708_031505_EK000053.JPG,0.924746751785278,1,1,0.202110961079597,0,0.629254877567291,0.0886711850762367,0.146957993507385
U:/Test Images/Peru/S90/SDZG 1/EK000054.JPG,U:/Test Images/Peru/S90/SDZG 1/EK000054.JPG,EK000054.JPG,U:/Test Images/Peru/S90/SDZG 1,2014:07:08 03:15:05,2014:07:08 01:15:04-07:00,2014-07-08 03:15:05,2014-07-08 01:15:04,2014-07-08 01:15:04,Test Images,Peru,S90,Test Images_Peru_20140708_031505_EK000054.JPG,0.946155905723572,1,1,0.946155905723572,0.000507732620462775,0.606458067893982,0.0353343992028385,0.116735100746155
U:/Test Images/Peru/S90/SDZG 1/EK000054.JPG,U:/Test Images/Peru/S90/SDZG 1/EK000054.JPG,EK000054.JPG,U:/Test Images/Peru/S90/SDZG 1,2014:07:08 03:15:05,2014:07:08 01:15:04-07:00,2014-07-08 03:15:05,2014-07-08 01:15:04,2014-07-08 01:15:04,Test Images,Peru,S90,Test Images_Peru_20140708_031505_EK000054.JPG,0.946155905723572,1,1,0.90523761510849,0.000203325747861527,0.607833027839661,0.0565950541204074,0.144865214824677
U:/Test Images/Peru/S90/SDZG 1/EK000054.JPG,U:/Test Images/Peru/S90/SDZG 1/EK000054.JPG,EK000054.JPG,U:/Test Images/Peru/S90/SDZG 1,2014:07:08 03:15:05,2014:07:08 01:15:04-07:00,2014-07-08 03:15:05,2014-07-08 01:15:04,2014-07-08 01:15:04,Test Images,Peru,S90,Test Images_Peru_20140708_031505_EK000054.JPG,0.946155905723572,1,1,0.145174786448479,0,0.606737673282623,0.077783040702343,0.189080834388733
U:/Test Images/Peru/S90/SDZG 1/EK000055.JPG,U:/Test Images/Peru/S90/SDZG 1/EK000055.JPG,EK000055.JPG,U:/Test Images/Peru/S90/SDZG 1,2014:07:08 08:24:18,2014:07:08 06:24:18-07:00,2014-07-08 08:24:18,2014-07-08 06:24:18,2014-07-08 06:24:18,Test Images,Peru,S90,Test Images_Peru_20140708_082418_EK000055.JPG,0.990579068660736,1,1,0.990579068660736,0.264615833759308,0.47403758764267,0.0656470358371735,0.0766128301620483
U:/Test Images/Peru/S90/SDZG 1/EK000055.JPG,U:/Test Images/Peru/S90/SDZG 1/EK000055.JPG,EK000055.JPG,U:/Test Images/Peru/S90/SDZG 1,2014:07:08 08:24:18,2014:07:08 06:24:18-07:00,2014-07-08 08:24:18,2014-07-08 06:24:18,2014-07-08 06:24:18,Test Images,Peru,S90,Test Images_Peru_20140708_082418_EK000055.JPG,0.990579068660736,1,1,0.10141496360302,0,0.502365350723267,0.0243384763598442,0.0348981022834778
U:/Test Images/Peru/S90/SDZG 1/EK000056.JPG,U:/Test Images/Peru/S90/SDZG 1/EK000056.JPG,EK000056.JPG,U:/Test Images/Peru/S90/SDZG 1,2014:07:08 08:24:18,2014:07:08 06:24:18-07:00,2014-07-08 08:24:18,2014-07-08 06:24:18,2014-07-08 06:24:18,Test Images,Peru,S90,Test Images_Peru_20140708_082418_EK000056.JPG,0.989945352077484,1,1,0.989945352077484,0.265056997537613,0.474532544612885,0.0708255171775818,0.0757594704627991
U:/Test Images/Peru/S90/SDZG 1/EK000057.JPG,U:/Test Images/Peru/S90/SDZG 1/EK000057.JPG,EK000057.JPG,U:/Test Images/Peru/S90/SDZG 1,2014:07:08 08:24:19,2014:07:08 06:24:18-07:00,2014-07-08 08:24:19,2014-07-08 06:24:18,2014-07-08 06:24:18,Test Images,Peru,S90,Test Images_Peru_20140708_082419_EK000057.JPG,0.991031289100647,1,1,0.991031289100647,0.26373890042305,0.471970438957214,0.0704125165939331,0.0785770416259766
U:/Test Images/Peru/S90/SDZG 1/EK000058.JPG,U:/Test Images/Peru/S90/SDZG 1/EK000058.JPG,EK000058.JPG,U:/Test Images/Peru/S90/SDZG 1,2014:07:10 04:16:55,2014:07:10 02:16:54-07:00,2014-07-10 04:16:55,2014-07-10 02:16:54,2014-07-10 02:16:54,Test Images,Peru,S90,Test Images_Peru_20140710_041655_EK000058.JPG,0.999536633491516,1,1,0.999536633491516,0.0273202229291201,0.329589694738388,0.309130085632205,0.244338601827621
U:/Test Images/Peru/S90/SDZG 1/EK000059.JPG,U:/Test Images/Peru/S90/SDZG 1/EK000059.JPG,EK000059.JPG,U:/Test Images/Peru/S90/SDZG 1,2014:07:10 04:16:55,2014:07:10 02:16:54-07:00,2014-07-10 04:16:55,2014-07-10 02:16:54,2014-07-10 02:16:54,Test Images,Peru,S90,Test Images_Peru_20140710_041655_EK000059.JPG,0.999787986278534,1,1,0.999787986278534,0.131360337138176,0.352394551038742,0.305257543921471,0.222487479448318
U:/Test Images/Peru/S90/SDZG 1/EK000060.JPG,U:/Test Images/Peru/S90/SDZG 1/EK000060.JPG,EK000060.JPG,U:/Test Images/Peru/S90/SDZG 1,2014:07:10 04:16:56,2014:07:10 02:16:56-07:00,2014-07-10 04:16:56,2014-07-10 02:16:56,2014-07-10 02:16:56,Test Images,Peru,S90,Test Images_Peru_20140710_041656_EK000060.JPG,0.999665975570679,1,1,0.999665975570679,0.220716580748558,0.370442062616348,0.303204849362373,0.215642422437668
U:/Test Images/Peru/S90/SDZG 2/EK000008.JPG,U:/Test Images/Peru/S90/SDZG 2/EK000008.JPG,EK000008.JPG,U:/Test Images/Peru/S90/SDZG 2,2014:07:01 15:21:15,2014:07:01 13:21:14-07:00,2014-07-01 15:21:15,2014-07-01 13:21:14,2014-07-01 13:21:14,Test Images,Peru,S90,Test Images_Peru_20140701_152115_EK000008.JPG,0.996348977088928,2,2,0.996348977088928,0.000982360797934234,0,0.999017639202066,0.960296869277954
U:/Test Images/Peru/S90/SDZG 2/EK000008.JPG,U:/Test Images/Peru/S90/SDZG 2/EK000008.JPG,EK000008.JPG,U:/Test Images/Peru/S90/SDZG 2,2014:07:01 15:21:15,2014:07:01 13:21:14-07:00,2014-07-01 15:21:15,2014-07-01 13:21:14,2014-07-01 13:21:14,Test Images,Peru,S90,Test Images_Peru_20140701_152115_EK000008.JPG,0.996348977088928,2,2,0.664996385574341,0.455820143222809,0.0323399342596531,0.544179856777191,0.914272841066122
U:/Test Images/Peru/S90/SDZG 2/EK000008.JPG,U:/Test Images/Peru/S90/SDZG 2/EK000008.JPG,EK000008.JPG,U:/Test Images/Peru/S90/SDZG 2,2014:07:01 15:21:15,2014:07:01 13:21:14-07:00,2014-07-01 15:21:15,2014-07-01 13:21:14,2014-07-01 13:21:14,Test Images,Peru,S90,Test Images_Peru_20140701_152115_EK000008.JPG,0.996348977088928,2,2,0.326034128665924,0.621199548244476,0.167926624417305,0.154423534870148,0.179274931550026
U:/Test Images/Peru/S90/SDZG 2/EK000009.JPG,U:/Test Images/Peru/S90/SDZG 2/EK000009.JPG,EK000009.JPG,U:/Test Images/Peru/S90/SDZG 2,2014:07:01 15:21:15,2014:07:01 13:21:14-07:00,2014-07-01 15:21:15,2014-07-01 13:21:14,2014-07-01 13:21:14,Test Images,Peru,S90,Test Images_Peru_20140701_152115_EK000009.JPG,0.998839676380157,2,2,0.998839676380157,0.63713800907135,0.119223073124886,0.132431387901306,0.225837662816048
U:/Test Images/Peru/S90/SDZG 2/EK000009.JPG,U:/Test Images/Peru/S90/SDZG 2/EK000009.JPG,EK000009.JPG,U:/Test Images/Peru/S90/SDZG 2,2014:07:01 15:21:15,2014:07:01 13:21:14-07:00,2014-07-01 15:21:15,2014-07-01 13:21:14,2014-07-01 13:21:14,Test Images,Peru,S90,Test Images_Peru_20140701_152115_EK000009.JPG,0.998839676380157,2,2,0.996903836727142,0.00472570396959782,0,0.586602380499244,0.961838901042938
U:/Test Images/Peru/S90/SDZG 2/EK000009.JPG,U:/Test Images/Peru/S90/SDZG 2/EK000009.JPG,EK000009.JPG,U:/Test Images/Peru/S90/SDZG 2,2014:07:01 15:21:15,2014:07:01 13:21:14-07:00,2014-07-01 15:21:15,2014-07-01 13:21:14,2014-07-01 13:21:14,Test Images,Peru,S90,Test Images_Peru_20140701_152115_EK000009.JPG,0.998839676380157,2,2,0.104601934552193,0.118343733251095,0.0159884132444859,0.660129465162754,0.942554708570242
U:/Test Images/Peru/S90/SDZG 2/EK000010.JPG,U:/Test Images/Peru/S90/SDZG 2/EK000010.JPG,EK000010.JPG,U:/Test Images/Peru/S90/SDZG 2,2014:07:01 15:21:16,2014:07:01 13:21:16-07:00,2014-07-01 15:21:16,2014-07-01 13:21:16,2014-07-01 13:21:16,Test Images,Peru,S90,Test Images_Peru_20140701_152116_EK000010.JPG,0.998664975166321,2,2,0.998664975166321,0.0119467927142978,0,0.805525724776089,0.965016782283783
U:/Test Images/Peru/S90/SDZG 2/EK000010.JPG,U:/Test Images/Peru/S90/SDZG 2/EK000010.JPG,EK000010.JPG,U:/Test Images/Peru/S90/SDZG 2,2014:07:01 15:21:16,2014:07:01 13:21:16-07:00,2014-07-01 15:21:16,2014-07-01 13:21:16,2014-07-01 13:21:16,Test Images,Peru,S90,Test Images_Peru_20140701_152116_EK000010.JPG,0.998664975166321,2,2,0.873970210552216,0.68762594461441,0.146809414029121,0.0855659246444702,0.192697867751122
U:/Test Images/Peru/S90/SDZG 2/EK000010.JPG,U:/Test Images/Peru/S90/SDZG 2/EK000010.JPG,EK000010.JPG,U:/Test Images/Peru/S90/SDZG 2,2014:07:01 15:21:16,2014:07:01 13:21:16-07:00,2014-07-01 15:21:16,2014-07-01 13:21:16,2014-07-01 13:21:16,Test Images,Peru,S90,Test Images_Peru_20140701_152116_EK000010.JPG,0.998664975166321,2,2,0.776918947696686,0.32288521528244,0.0110567733645439,0.476205348968506,0.957502849400043
U:/Test Images/Peru/S90/SDZG 2/EK000010.JPG,U:/Test Images/Peru/S90/SDZG 2/EK000010.JPG,EK000010.JPG,U:/Test Images/Peru/S90/SDZG 2,2014:07:01 15:21:16,2014:07:01 13:21:16-07:00,2014-07-01 15:21:16,2014-07-01 13:21:16,2014-07-01 13:21:16,Test Images,Peru,S90,Test Images_Peru_20140701_152116_EK000010.JPG,0.998664975166321,2,2,0.54912805557251,0.00674562435597181,0.00647018430754542,0.14993901271373,0.932489771861583
U:/Test Images/Peru/S90/SDZG 2/EK000012.JPG,U:/Test Images/Peru/S90/SDZG 2/EK000012.JPG,EK000012.JPG,U:/Test Images/Peru/S90/SDZG 2,2014:07:02 02:55:17,2014:07:02 00:55:16-07:00,2014-07-02 02:55:17,2014-07-02 00:55:16,2014-07-02 00:55:16,Test Images,Peru,S90,Test Images_Peru_20140702_025517_EK000012.JPG,0.999799311161041,1,1,0.999799311161041,0.178871467709541,0.111055731773376,0.463510021567345,0.541780412197113
U:/Test Images/Peru/S90/SDZG 2/EK000013.JPG,U:/Test Images/Peru/S90/SDZG 2/EK000013.JPG,EK000013.JPG,U:/Test Images/Peru/S90/SDZG 2,2014:07:02 02:55:18,2014:07:02 00:55:18-07:00,2014-07-02 02:55:18,2014-07-02 00:55:18,2014-07-02 00:55:18,Test Images,Peru,S90,Test Images_Peru_20140702_025518_EK000013.JPG,0.999865889549255,1,1,0.999865889549255,0.16700766980648,0.116427026689053,0.552327767014503,0.570617772638798
U:/Test Images/Peru/S90/SDZG 2/EK000014.JPG,U:/Test Images/Peru/S90/SDZG 2/EK000014.JPG,EK000014.JPG,U:/Test Images/Peru/S90/SDZG 2,2014:07:02 02:55:18,2014:07:02 00:55:18-07:00,2014-07-02 02:55:18,2014-07-02 00:55:18,2014-07-02 00:55:18,Test Images,Peru,S90,Test Images_Peru_20140702_025518_EK000014.JPG,0.99986720085144,1,1,0.99986720085144,0.177170649170876,0.109392985701561,0.574576303362846,0.574039474129677
U:/Test Images/Peru/S90/SDZG 2/EK000016.JPG,U:/Test Images/Peru/S90/SDZG 2/EK000016.JPG,EK000016.JPG,U:/Test Images/Peru/S90/SDZG 2,2014:07:02 10:59:48,2014:07:02 08:59:48-07:00,2014-07-02 10:59:48,2014-07-02 08:59:48,2014-07-02 08:59:48,Test Images,Peru,S90,Test Images_Peru_20140702_105948_EK000016.JPG,0.0216364692896605,1,0,NA,NA,NA,NA,NA
U:/Test Images/Peru/S90/SDZG 2/EK000017.JPG,U:/Test Images/Peru/S90/SDZG 2/EK000017.JPG,EK000017.JPG,U:/Test Images/Peru/S90/SDZG 2,2014:07:02 10:59:49,2014:07:02 08:59:48-07:00,2014-07-02 10:59:49,2014-07-02 08:59:48,2014-07-02 08:59:48,Test Images,Peru,S90,Test Images_Peru_20140702_105949_EK000017.JPG,0.0507756173610687,1,0,NA,NA,NA,NA,NA
U:/Test Images/Peru/S90/SDZG 2/EK000018.JPG,U:/Test Images/Peru/S90/SDZG 2/EK000018.JPG,EK000018.JPG,U:/Test Images/Peru/S90/SDZG 2,2014:07:02 10:59:49,2014:07:02 08:59:48-07:00,2014-07-02 10:59:49,2014-07-02 08:59:48,2014-07-02 08:59:48,Test Images,Peru,S90,Test Images_Peru_20140702_105949_EK000018.JPG,0.00772545766085386,1,0,NA,NA,NA,NA,NA
U:/Test Images/Peru/S90/SDZG 2/EK000020.JPG,U:/Test Images/Peru/S90/SDZG 2/EK000020.JPG,EK000020.JPG,U:/Test Images/Peru/S90/SDZG 2,2014:07:02 11:23:22,2014:07:02 09:23:22-07:00,2014-07-02 11:23:22,2014-07-02 09:23:22,2014-07-02 09:23:22,Test Images,Peru,S90,Test Images_Peru_20140702_112322_EK000020.JPG,0.00626635085791349,1,0,NA,NA,NA,NA,NA
U:/Test Images/Peru/S90/SDZG 2/EK000021.JPG,U:/Test Images/Peru/S90/SDZG 2/EK000021.JPG,EK000021.JPG,U:/Test Images/Peru/S90/SDZG 2,2014:07:02 11:23:22,2014:07:02 09:23:22-07:00,2014-07-02 11:23:22,2014-07-02 09:23:22,2014-07-02 09:23:22,Test Images,Peru,S90,Test Images_Peru_20140702_112322_EK000021.JPG,0.00291312462650239,1,0,NA,NA,NA,NA,NA
U:/Test Images/Peru/S90/SDZG 2/EK000022.JPG,U:/Test Images/Peru/S90/SDZG 2/EK000022.JPG,EK000022.JPG,U:/Test Images/Peru/S90/SDZG 2,2014:07:02 11:23:23,2014:07:02 09:23:22-07:00,2014-07-02 11:23:23,2014-07-02 09:23:22,2014-07-02 09:23:22,Test Images,Peru,S90,Test Images_Peru_20140702_112323_EK000022.JPG,0.00204079994000494,1,0,NA,NA,NA,NA,NA
U:/Test Images/Peru/S90/SDZG 2/EK000024.JPG,U:/Test Images/Peru/S90/SDZG 2/EK000024.JPG,EK000024.JPG,U:/Test Images/Peru/S90/SDZG 2,2014:07:02 11:39:46,2014:07:02 09:39:46-07:00,2014-07-02 11:39:46,2014-07-02 09:39:46,2014-07-02 09:39:46,Test Images,Peru,S90,Test Images_Peru_20140702_113946_EK000024.JPG,0.0018960126908496,1,0,NA,NA,NA,NA,NA
U:/Test Images/Peru/S90/SDZG 2/EK000025.JPG,U:/Test Images/Peru/S90/SDZG 2/EK000025.JPG,EK000025.JPG,U:/Test Images/Peru/S90/SDZG 2,2014:07:02 11:39:47,2014:07:02 09:39:46-07:00,2014-07-02 11:39:47,2014-07-02 09:39:46,2014-07-02 09:39:46,Test Images,Peru,S90,Test Images_Peru_20140702_113947_EK000025.JPG,0.00204991479404271,1,0,NA,NA,NA,NA,NA
U:/Test Images/Peru/S90/SDZG 2/EK000026.JPG,U:/Test Images/Peru/S90/SDZG 2/EK000026.JPG,EK000026.JPG,U:/Test Images/Peru/S90/SDZG 2,2014:07:02 11:39:47,2014:07:02 09:39:46-07:00,2014-07-02 11:39:47,2014-07-02 09:39:46,2014-07-02 09:39:46,Test Images,Peru,S90,Test Images_Peru_20140702_113947_EK000026.JPG,0.00379152246750891,1,0,NA,NA,NA,NA,NA
U:/Test Images/Peru/S90/SDZG 2/EK000028.JPG,U:/Test Images/Peru/S90/SDZG 2/EK000028.JPG,EK000028.JPG,U:/Test Images/Peru/S90/SDZG 2,2014:07:02 22:21:14,2014:07:02 20:21:14-07:00,2014-07-02 22:21:14,2014-07-02 20:21:14,2014-07-02 20:21:14,Test Images,Peru,S90,Test Images_Peru_20140702_222114_EK000028.JPG,0.999575793743134,1,1,0.999575793743134,0.00200785626657307,0.402315646409988,0.200677157146856,0.148519366979599
U:/Test Images/Peru/S90/SDZG 2/EK000029.JPG,U:/Test Images/Peru/S90/SDZG 2/EK000029.JPG,EK000029.JPG,U:/Test Images/Peru/S90/SDZG 2,2014:07:02 22:21:14,2014:07:02 20:21:14-07:00,2014-07-02 22:21:14,2014-07-02 20:21:14,2014-07-02 20:21:14,Test Images,Peru,S90,Test Images_Peru_20140702_222114_EK000029.JPG,0.999541521072388,1,1,0.999541521072388,0.00312174786813557,0.392369866371155,0.191994250519201,0.152045905590057
U:/Test Images/Peru/S90/SDZG 2/EK000030.JPG,U:/Test Images/Peru/S90/SDZG 2/EK000030.JPG,EK000030.JPG,U:/Test Images/Peru/S90/SDZG 2,2014:07:02 22:21:15,2014:07:02 20:21:14-07:00,2014-07-02 22:21:15,2014-07-02 20:21:14,2014-07-02 20:21:14,Test Images,Peru,S90,Test Images_Peru_20140702_222115_EK000030.JPG,0.999167561531067,1,1,0.999167561531067,0.00410161027684808,0.392666876316071,0.176791289355606,0.154838681221008
U:/Test Images/Peru/S90/SDZG 2/EK000032.JPG,U:/Test Images/Peru/S90/SDZG 2/EK000032.JPG,EK000032.JPG,U:/Test Images/Peru/S90/SDZG 2,2014:07:02 22:22:10,2014:07:02 20:22:10-07:00,2014-07-02 22:22:10,2014-07-02 20:22:10,2014-07-02 20:22:10,Test Images,Peru,S90,Test Images_Peru_20140702_222210_EK000032.JPG,0.999647855758667,1,1,0.999647855758667,0.436109304428101,0.324398875236511,0.123116314411163,0.111354470252991
U:/Test Images/Peru/S90/SDZG 2/EK000033.JPG,U:/Test Images/Peru/S90/SDZG 2/EK000033.JPG,EK000033.JPG,U:/Test Images/Peru/S90/SDZG 2,2014:07:02 22:22:10,2014:07:02 20:22:10-07:00,2014-07-02 22:22:10,2014-07-02 20:22:10,2014-07-02 20:22:10,Test Images,Peru,S90,Test Images_Peru_20140702_222210_EK000033.JPG,0.99964427947998,1,1,0.99964427947998,0.473332196474075,0.32243749499321,0.119056016206741,0.106063902378082
U:/Test Images/Peru/S90/SDZG 2/EK000034.JPG,U:/Test Images/Peru/S90/SDZG 2/EK000034.JPG,EK000034.JPG,U:/Test Images/Peru/S90/SDZG 2,2014:07:02 22:22:11,2014:07:02 20:22:10-07:00,2014-07-02 22:22:11,2014-07-02 20:22:10,2014-07-02 20:22:10,Test Images,Peru,S90,Test Images_Peru_20140702_222211_EK000034.JPG,0.999560654163361,1,1,0.999560654163361,0.488374620676041,0.318497717380524,0.136393457651138,0.117643088102341
U:/Test Images/Peru/S90/SDZG 2/EK000036.JPG,U:/Test Images/Peru/S90/SDZG 2/EK000036.JPG,EK000036.JPG,U:/Test Images/Peru/S90/SDZG 2,2014:07:04 07:47:26,2014:07:04 05:47:26-07:00,2014-07-04 07:47:26,2014-07-04 05:47:26,2014-07-04 05:47:26,Test Images,Peru,S90,Test Images_Peru_20140704_074726_EK000036.JPG,0.0329255983233452,1,0,NA,NA,NA,NA,NA
U:/Test Images/Peru/S90/SDZG 2/EK000037.JPG,U:/Test Images/Peru/S90/SDZG 2/EK000037.JPG,EK000037.JPG,U:/Test Images/Peru/S90/SDZG 2,2014:07:04 07:47:27,2014:07:04 05:47:26-07:00,2014-07-04 07:47:27,2014-07-04 05:47:26,2014-07-04 05:47:26,Test Images,Peru,S90,Test Images_Peru_20140704_074727_EK000037.JPG,0.0350026860833168,1,0,NA,NA,NA,NA,NA
U:/Test Images/Peru/S90/SDZG 2/EK000038.JPG,U:/Test Images/Peru/S90/SDZG 2/EK000038.JPG,EK000038.JPG,U:/Test Images/Peru/S90/SDZG 2,2014:07:04 07:47:27,2014:07:04 05:47:28-07:00,2014-07-04 07:47:27,2014-07-04 05:47:28,2014-07-04 05:47:28,Test Images,Peru,S90,Test Images_Peru_20140704_074727_EK000038.JPG,0.178318217396736,1,1,0.178318217396736,0.553600311279297,0.476312309503555,0.0478062033653259,0.0411096513271332
U:/Test Images/Peru/S90/SDZG 2/EK000040.JPG,U:/Test Images/Peru/S90/SDZG 2/EK000040.JPG,EK000040.JPG,U:/Test Images/Peru/S90/SDZG 2,2014:07:05 03:03:12,2014:07:05 01:03:12-07:00,2014-07-05 03:03:12,2014-07-05 01:03:12,2014-07-05 01:03:12,Test Images,Peru,S90,Test Images_Peru_20140705_030312_EK000040.JPG,0.0174711756408215,1,0,NA,NA,NA,NA,NA
U:/Test Images/Peru/S90/SDZG 2/EK000041.JPG,U:/Test Images/Peru/S90/SDZG 2/EK000041.JPG,EK000041.JPG,U:/Test Images/Peru/S90/SDZG 2,2014:07:05 03:03:12,2014:07:05 01:03:12-07:00,2014-07-05 03:03:12,2014-07-05 01:03:12,2014-07-05 01:03:12,Test Images,Peru,S90,Test Images_Peru_20140705_030312_EK000041.JPG,0.0412604697048664,1,0,NA,NA,NA,NA,NA
U:/Test Images/Peru/S90/SDZG 2/EK000042.JPG,U:/Test Images/Peru/S90/SDZG 2/EK000042.JPG,EK000042.JPG,U:/Test Images/Peru/S90/SDZG 2,2014:07:05 03:03:13,2014:07:05 01:03:12-07:00,2014-07-05 03:03:13,2014-07-05 01:03:12,2014-07-05 01:03:12,Test Images,Peru,S90,Test Images_Peru_20140705_030313_EK000042.JPG,0.0633896961808205,1,0,NA,NA,NA,NA,NA
U:/Test Images/Peru/S90/SDZG 2/EK000044.JPG,U:/Test Images/Peru/S90/SDZG 2/EK000044.JPG,EK000044.JPG,U:/Test Images/Peru/S90/SDZG 2,2014:07:05 09:17:11,2014:07:05 07:17:10-07:00,2014-07-05 09:17:11,2014-07-05 07:17:10,2014-07-05 07:17:10,Test Images,Peru,S90,Test Images_Peru_20140705_091711_EK000044.JPG,0.481025218963623,1,1,0.481025218963623,0.231753513216972,0.60025954246521,0.081283912062645,0.112240195274353
U:/Test Images/Peru/S90/SDZG 2/EK000045.JPG,U:/Test Images/Peru/S90/SDZG 2/EK000045.JPG,EK000045.JPG,U:/Test Images/Peru/S90/SDZG 2,2014:07:05 09:17:11,2014:07:05 07:17:12-07:00,2014-07-05 09:17:11,2014-07-05 07:17:12,2014-07-05 07:17:12,Test Images,Peru,S90,Test Images_Peru_20140705_091711_EK000045.JPG,0.421387851238251,1,1,0.421387851238251,0.229803919792175,0.599850296974182,0.0842425227165222,0.114141345024109
U:/Test Images/Peru/S90/SDZG 2/EK000046.JPG,U:/Test Images/Peru/S90/SDZG 2/EK000046.JPG,EK000046.JPG,U:/Test Images/Peru/S90/SDZG 2,2014:07:05 09:17:12,2014:07:05 07:17:12-07:00,2014-07-05 09:17:12,2014-07-05 07:17:12,2014-07-05 07:17:12,Test Images,Peru,S90,Test Images_Peru_20140705_091712_EK000046.JPG,0.15156090259552,1,1,0.15156090259552,0.433514505624771,0.525139808654785,0.0517018139362335,0.0398352742195129
U:/Test Images/Peru/S90/SDZG 2/EK000046.JPG,U:/Test Images/Peru/S90/SDZG 2/EK000046.JPG,EK000046.JPG,U:/Test Images/Peru/S90/SDZG 2,2014:07:05 09:17:12,2014:07:05 07:17:12-07:00,2014-07-05 09:17:12,2014-07-05 07:17:12,2014-07-05 07:17:12,Test Images,Peru,S90,Test Images_Peru_20140705_091712_EK000046.JPG,0.15156090259552,1,1,0.100682593882084,0.0119365928694606,0.127479016780853,0.0840927632525563,0.193883717060089
U:/Test Images/Peru/S90/SDZG 2/EK000048.JPG,U:/Test Images/Peru/S90/SDZG 2/EK000048.JPG,EK000048.JPG,U:/Test Images/Peru/S90/SDZG 2,2014:07:05 10:45:13,2014:07:05 08:45:12-07:00,2014-07-05 10:45:13,2014-07-05 08:45:12,2014-07-05 08:45:12,Test Images,Peru,S90,Test Images_Peru_20140705_104513_EK000048.JPG,0.0732015743851662,1,0,NA,NA,NA,NA,NA
U:/Test Images/Peru/S90/SDZG 2/EK000049.JPG,U:/Test Images/Peru/S90/SDZG 2/EK000049.JPG,EK000049.JPG,U:/Test Images/Peru/S90/SDZG 2,2014:07:05 10:45:13,2014:07:05 08:45:12-07:00,2014-07-05 10:45:13,2014-07-05 08:45:12,2014-07-05 08:45:12,Test Images,Peru,S90,Test Images_Peru_20140705_104513_EK000049.JPG,0.0349748432636261,1,0,NA,NA,NA,NA,NA
U:/Test Images/Peru/S90/SDZG 2/EK000050.JPG,U:/Test Images/Peru/S90/SDZG 2/EK000050.JPG,EK000050.JPG,U:/Test Images/Peru/S90/SDZG 2,2014:07:05 10:45:14,2014:07:05 08:45:14-07:00,2014-07-05 10:45:14,2014-07-05 08:45:14,2014-07-05 08:45:14,Test Images,Peru,S90,Test Images_Peru_20140705_104514_EK000050.JPG,0.0550680942833424,1,0,NA,NA,NA,NA,NA
U:/Test Images/Peru/S90/SDZG 2/EK000052.JPG,U:/Test Images/Peru/S90/SDZG 2/EK000052.JPG,EK000052.JPG,U:/Test Images/Peru/S90/SDZG 2,2014:07:05 12:41:50,2014:07:05 10:41:50-07:00,2014-07-05 12:41:50,2014-07-05 10:41:50,2014-07-05 10:41:50,Test Images,Peru,S90,Test Images_Peru_20140705_124150_EK000052.JPG,0.00162334099877626,1,0,NA,NA,NA,NA,NA
U:/Test Images/Peru/S90/SDZG 2/EK000053.JPG,U:/Test Images/Peru/S90/SDZG 2/EK000053.JPG,EK000053.JPG,U:/Test Images/Peru/S90/SDZG 2,2014:07:05 12:41:50,2014:07:05 10:41:50-07:00,2014-07-05 12:41:50,2014-07-05 10:41:50,2014-07-05 10:41:50,Test Images,Peru,S90,Test Images_Peru_20140705_124150_EK000053.JPG,0.000864566711243242,1,0,NA,NA,NA,NA,NA
U:/Test Images/Peru/S90/SDZG 2/EK000054.JPG,U:/Test Images/Peru/S90/SDZG 2/EK000054.JPG,EK000054.JPG,U:/Test Images/Peru/S90/SDZG 2,2014:07:05 12:41:51,2014:07:05 10:41:50-07:00,2014-07-05 12:41:51,2014-07-05 10:41:50,2014-07-05 10:41:50,Test Images,Peru,S90,Test Images_Peru_20140705_124151_EK000054.JPG,0.00151593855116516,1,0,NA,NA,NA,NA,NA
U:/Test Images/Peru/S90/SDZG 2/EK000056.JPG,U:/Test Images/Peru/S90/SDZG 2/EK000056.JPG,EK000056.JPG,U:/Test Images/Peru/S90/SDZG 2,2014:07:06 12:27:22,2014:07:06 10:27:22-07:00,2014-07-06 12:27:22,2014-07-06 10:27:22,2014-07-06 10:27:22,Test Images,Peru,S90,Test Images_Peru_20140706_122722_EK000056.JPG,0.0387545898556709,1,0,NA,NA,NA,NA,NA
U:/Test Images/Peru/S90/SDZG 2/EK000057.JPG,U:/Test Images/Peru/S90/SDZG 2/EK000057.JPG,EK000057.JPG,U:/Test Images/Peru/S90/SDZG 2,2014:07:06 12:27:23,2014:07:06 10:27:22-07:00,2014-07-06 12:27:23,2014-07-06 10:27:22,2014-07-06 10:27:22,Test Images,Peru,S90,Test Images_Peru_20140706_122723_EK000057.JPG,0.0101718250662088,1,0,NA,NA,NA,NA,NA
U:/Test Images/Peru/S90/SDZG 2/EK000058.JPG,U:/Test Images/Peru/S90/SDZG 2/EK000058.JPG,EK000058.JPG,U:/Test Images/Peru/S90/SDZG 2,2014:07:06 12:27:23,2014:07:06 10:27:22-07:00,2014-07-06 12:27:23,2014-07-06 10:27:22,2014-07-06 10:27:22,Test Images,Peru,S90,Test Images_Peru_20140706_122723_EK000058.JPG,0.00779805891215801,1,0,NA,NA,NA,NA,NA
U:/Test Images/Peru/S90/SDZG 2/EK000060.JPG,U:/Test Images/Peru/S90/SDZG 2/EK000060.JPG,EK000060.JPG,U:/Test Images/Peru/S90/SDZG 2,2014:07:06 17:27:07,2014:07:06 15:27:06-07:00,2014-07-06 17:27:07,2014-07-06 15:27:06,2014-07-06 15:27:06,Test Images,Peru,S90,Test Images_Peru_20140706_172707_EK000060.JPG,0.987390518188477,1,1,0.987390518188477,0.000809771998319775,0.321568489074707,0.0506647321744822,0.0865576267242432
U:/Test Images/Peru/S90/SDZG 2/EK000061.JPG,U:/Test Images/Peru/S90/SDZG 2/EK000061.JPG,EK000061.JPG,U:/Test Images/Peru/S90/SDZG 2,2014:07:06 17:27:07,2014:07:06 15:27:08-07:00,2014-07-06 17:27:07,2014-07-06 15:27:08,2014-07-06 15:27:08,Test Images,Peru,S90,Test Images_Peru_20140706_172707_EK000061.JPG,0.012339704670012,1,0,NA,NA,NA,NA,NA
U:/Test Images/Peru/S90/SDZG 2/EK000062.JPG,U:/Test Images/Peru/S90/SDZG 2/EK000062.JPG,EK000062.JPG,U:/Test Images/Peru/S90/SDZG 2,2014:07:06 17:27:08,2014:07:06 15:27:08-07:00,2014-07-06 17:27:08,2014-07-06 15:27:08,2014-07-06 15:27:08,Test Images,Peru,S90,Test Images_Peru_20140706_172708_EK000062.JPG,0.0116258161142468,1,0,NA,NA,NA,NA,NA
U:/Test Images/Peru/S90/SDZG 2/EK000064.JPG,U:/Test Images/Peru/S90/SDZG 2/EK000064.JPG,EK000064.JPG,U:/Test Images/Peru/S90/SDZG 2,2014:07:07 20:14:15,2014:07:07 18:14:14-07:00,2014-07-07 20:14:15,2014-07-07 18:14:14,2014-07-07 18:14:14,Test Images,Peru,S90,Test Images_Peru_20140707_201415_EK000064.JPG,0.999346077442169,1,1,0.999346077442169,0.145550921559334,0.443393349647522,0.0804444849491119,0.120703041553497
U:/Test Images/Peru/S90/SDZG 2/EK000064.JPG,U:/Test Images/Peru/S90/SDZG 2/EK000064.JPG,EK000064.JPG,U:/Test Images/Peru/S90/SDZG 2,2014:07:07 20:14:15,2014:07:07 18:14:14-07:00,2014-07-07 20:14:15,2014-07-07 18:14:14,2014-07-07 18:14:14,Test Images,Peru,S90,Test Images_Peru_20140707_201415_EK000064.JPG,0.999346077442169,1,1,0.742227435112,0.913815796375275,0.501372992992401,0.0751533508300781,0.0601335763931274
U:/Test Images/Peru/S90/SDZG 2/EK000065.JPG,U:/Test Images/Peru/S90/SDZG 2/EK000065.JPG,EK000065.JPG,U:/Test Images/Peru/S90/SDZG 2,2014:07:07 20:14:16,2014:07:07 18:14:16-07:00,2014-07-07 20:14:16,2014-07-07 18:14:16,2014-07-07 18:14:16,Test Images,Peru,S90,Test Images_Peru_20140707_201416_EK000065.JPG,0.999491810798645,1,1,0.999491810798645,0.14563812315464,0.44845062494278,0.0815035253763199,0.115722954273224
U:/Test Images/Peru/S90/SDZG 2/EK000065.JPG,U:/Test Images/Peru/S90/SDZG 2/EK000065.JPG,EK000065.JPG,U:/Test Images/Peru/S90/SDZG 2,2014:07:07 20:14:16,2014:07:07 18:14:16-07:00,2014-07-07 20:14:16,2014-07-07 18:14:16,2014-07-07 18:14:16,Test Images,Peru,S90,Test Images_Peru_20140707_201416_EK000065.JPG,0.999491810798645,1,1,0.390498757362366,0.914905548095703,0.503742277622223,0.0512769818305969,0.0581889748573303
U:/Test Images/Peru/S90/SDZG 2/EK000066.JPG,U:/Test Images/Peru/S90/SDZG 2/EK000066.JPG,EK000066.JPG,U:/Test Images/Peru/S90/SDZG 2,2014:07:07 20:14:16,2014:07:07 18:14:16-07:00,2014-07-07 20:14:16,2014-07-07 18:14:16,2014-07-07 18:14:16,Test Images,Peru,S90,Test Images_Peru_20140707_201416_EK000066.JPG,0.999412655830383,1,1,0.999412655830383,0.144505769014359,0.448187559843063,0.0822789669036865,0.117028027772903
U:/Test Images/Peru/S90/SDZG 2/EK000068.JPG,U:/Test Images/Peru/S90/SDZG 2/EK000068.JPG,EK000068.JPG,U:/Test Images/Peru/S90/SDZG 2,2014:07:08 12:28:12,2014:07:08 10:28:12-07:00,2014-07-08 12:28:12,2014-07-08 10:28:12,2014-07-08 10:28:12,Test Images,Peru,S90,Test Images_Peru_20140708_122812_EK000068.JPG,0.998678028583527,1,1,0.998678028583527,0.199552610516548,0.787599265575409,0.160407587885857,0.170234024524689
U:/Test Images/Peru/S90/SDZG 2/EK000069.JPG,U:/Test Images/Peru/S90/SDZG 2/EK000069.JPG,EK000069.JPG,U:/Test Images/Peru/S90/SDZG 2,2014:07:08 12:28:13,2014:07:08 10:28:12-07:00,2014-07-08 12:28:13,2014-07-08 10:28:12,2014-07-08 10:28:12,Test Images,Peru,S90,Test Images_Peru_20140708_122813_EK000069.JPG,0.99558961391449,1,1,0.99558961391449,0.235360711812973,0.840288162231445,0.138018906116486,0.119270145893097
U:/Test Images/Peru/S90/SDZG 2/EK000069.JPG,U:/Test Images/Peru/S90/SDZG 2/EK000069.JPG,EK000069.JPG,U:/Test Images/Peru/S90/SDZG 2,2014:07:08 12:28:13,2014:07:08 10:28:12-07:00,2014-07-08 12:28:13,2014-07-08 10:28:12,2014-07-08 10:28:12,Test Images,Peru,S90,Test Images_Peru_20140708_122813_EK000069.JPG,0.99558961391449,1,1,0.193174004554749,0.231438934803009,0.833458185195923,0.222302466630936,0.12582540512085
U:/Test Images/Peru/S90/SDZG 2/EK000070.JPG,U:/Test Images/Peru/S90/SDZG 2/EK000070.JPG,EK000070.JPG,U:/Test Images/Peru/S90/SDZG 2,2014:07:08 12:28:14,2014:07:08 10:28:14-07:00,2014-07-08 12:28:14,2014-07-08 10:28:14,2014-07-08 10:28:14,Test Images,Peru,S90,Test Images_Peru_20140708_122814_EK000070.JPG,0.982072591781616,1,1,0.982072591781616,0.176937639713287,0.902320563793182,0.138434439897537,0.0568147897720337
U:/Test Images/Peru/S90/SDZG 2/EK000072.JPG,U:/Test Images/Peru/S90/SDZG 2/EK000072.JPG,EK000072.JPG,U:/Test Images/Peru/S90/SDZG 2,2014:07:10 04:17:15,2014:07:10 02:17:14-07:00,2014-07-10 04:17:15,2014-07-10 02:17:14,2014-07-10 02:17:14,Test Images,Peru,S90,Test Images_Peru_20140710_041715_EK000072.JPG,0.999798715114594,1,1,0.999798715114594,0.376505851745605,0.348148107528687,0.223730385303497,0.237953364849091
U:/Test Images/Peru/S90/SDZG 2/EK000073.JPG,U:/Test Images/Peru/S90/SDZG 2/EK000073.JPG,EK000073.JPG,U:/Test Images/Peru/S90/SDZG 2,2014:07:10 04:17:15,2014:07:10 02:17:14-07:00,2014-07-10 04:17:15,2014-07-10 02:17:14,2014-07-10 02:17:14,Test Images,Peru,S90,Test Images_Peru_20140710_041715_EK000073.JPG,0.999707162380219,1,1,0.999707162380219,0.340735614299774,0.354956835508347,0.220201134681702,0.244717985391617
U:/Test Images/Peru/S90/SDZG 2/EK000074.JPG,U:/Test Images/Peru/S90/SDZG 2/EK000074.JPG,EK000074.JPG,U:/Test Images/Peru/S90/SDZG 2,2014:07:10 04:17:16,2014:07:10 02:17:16-07:00,2014-07-10 04:17:16,2014-07-10 02:17:16,2014-07-10 02:17:16,Test Images,Peru,S90,Test Images_Peru_20140710_041716_EK000074.JPG,0.999717175960541,1,1,0.999717175960541,0.31468465924263,0.351361960172653,0.203124016523361,0.252877920866013
